t_unix_ms,utilization.gpu,memory.used,power.draw,clocks.sm,temperature.gpu,error
1790558509224,100,29748,261.06,3015,51,
1790558510225,100,29748,466.90,3000,53,
1790558511225,100,29748,462.38,3000,53,
1790558512224,100,29748,467.23,3000,53,
1790558513225,100,29748,467.16,3007,54,
1790558514224,100,29748,466.36,3007,55,
1790558515224,100,29748,465.78,3007,55,
1790558516224,100,29748,469.50,3007,55,
1790558517225,100,29748,470.15,3007,55,
1790558518225,100,29748,468.95,3007,55,
1790558519224,100,29748,467.78,3007,56,
1790558520224,100,29748,471.08,3007,57,
1790558521224,100,29748,472.34,3007,57,
1790558522224,100,29748,473.92,3007,56,
1790558523224,100,29748,470.36,3007,57,
1790558524224,100,29748,471.72,3007,57,
1790558525224,100,29748,474.07,3007,59,
1790558526224,100,29748,468.02,3007,57,
1790558527225,100,29748,475.55,3007,58,
1790558528224,100,29748,472.88,3007,61,
1790558529224,100,29748,472.08,3007,58,
1790558530225,100,29748,473.77,3007,59,
1790558531225,100,29748,476.43,3007,59,
1790558532224,100,29748,477.16,3007,59,
1790558533224,100,29748,478.83,3007,59,
1790558534224,100,29748,477.35,3007,59,
1790558535224,100,29748,475.89,3007,62,
1790558536224,100,29748,474.54,3007,60,
1790558537224,100,29748,477.03,3007,60,
1790558538224,100,29748,479.35,3007,60,
1790558539224,100,29748,478.39,3000,61,
1790558540224,100,29748,476.32,3007,61,
1790558541225,100,29748,479.16,3007,61,
1790558542224,100,29748,483.46,3007,61,
1790558543224,100,29748,479.89,3000,61,
1790558544225,100,29748,480.51,3007,61,
1790558545224,100,29748,479.64,3000,62,
1790558546224,100,29748,479.94,3007,62,
1790558547224,100,29748,477.14,2992,62,
1790558548224,100,29748,481.55,2992,64,
1790558549224,100,29748,479.67,2992,62,
1790558550225,100,29748,482.85,3007,63,
1790558551225,100,29748,478.16,3015,62,
1790558552224,100,29748,486.08,2992,63,
1790558553224,100,29748,485.31,2985,64,
1790558554224,100,29748,479.29,2992,63,
1790558555224,100,29748,480.90,2992,63,
1790558556224,100,29748,483.81,3000,63,
1790558557224,100,29748,481.43,2992,63,
1790558558225,100,29748,484.77,2992,64,
1790558559224,100,29748,483.76,2992,63,
1790558560224,100,29748,482.48,2992,64,
1790558561224,100,29748,484.99,2992,64,
1790558562224,100,29748,486.52,2992,64,
1790558563224,100,29748,488.02,2992,64,
1790558564224,100,29748,486.09,2992,64,
1790558565224,100,29748,486.11,2992,64,
1790558566224,100,29748,485.25,3000,64,
1790558567224,100,29748,481.96,2992,64,
1790558568225,100,29748,486.91,2992,65,
1790558569224,100,29748,484.75,2992,65,
1790558570224,100,29748,489.47,2992,66,
1790558571224,100,29748,487.82,2992,65,
1790558572224,100,29748,487.72,2992,65,
1790558573224,100,29748,485.84,2992,65,
1790558574224,100,29748,485.03,2992,65,
1790558575224,100,29748,488.01,2992,65,
1790558576224,100,29748,487.00,3000,67,
1790558577225,100,29748,488.04,3000,65,
1790558578225,100,29748,489.94,2992,66,
1790558579224,100,29748,473.35,3000,66,
